응답자 ID,Training 스타일 선호,Training 스타일 비선호,Validation 스타일 선호,Validation 스타일 비선호
64747,"158668, 158646, 158642, 158687, 158667, 158670, 158662, 158671, 158659, 158656, 158673, 158658, 158681, 158655, 158685, 158641, 158661, 158682, 158649, 158688, 158669, 158675, 158663, 158652","158657, 158664, 158665, 158680, 158644, 158683, 158672, 158643, 158647, 158653, 158676, 158654, 158640, 158677, 158639, 158648, 158684, 158678, 158650, 158674, 158645","158642, 158679, 158660, 158666, 158685, 158661, 158682, 158675, 158651","158680, 158647, 158676, 158648, 158674, 158645"
65139,"174211, 174231, 174233, 174242, 174225, 174221","174248, 174240, 174250, 174236, 174224, 174230, 174251, 174203, 174212, 174234, 174218, 174222, 174232, 174235, 174243, 174209, 174241, 174239, 174228, 174238, 174220, 174244, 174214, 174210, 174237, 174219, 174217, 174216, 174207, 174215, 174245, 174213, 174249, 174247, 174246, 174223, 174205, 174202, 174229, 174204",174233,"174240, 174203, 174218, 174228, 174208, 174226, 174207, 174245, 174247, 174227, 174205"
64346,"147886, 147916, 147872, 147892, 147905, 147873, 147918, 147910, 147877, 147897, 147883, 147914, 147896, 147884, 147889, 147878, 147890, 147900, 147879, 147895, 147887, 147903, 147885, 147876, 147904, 147913","147915, 147909, 147917, 147882, 147911, 147888, 147880, 147891, 147893, 147870, 147906, 147907, 147908, 147902, 147919, 147881, 147898, 147899, 147901, 147871","147886, 147877, 147875, 147890, 147895","147894, 147874, 147880, 147912, 147870, 147898, 147899"
63405,"122239, 122222, 122237, 122221, 122220, 122196, 122192, 122232, 122225, 122191, 122206, 122217, 122238, 122214, 122203, 122200, 122233, 122224, 122227, 122216, 122199, 122198","122194, 122207, 122218, 122223, 122240, 122193, 122212, 122234, 122226, 122201, 122236, 122213, 122231, 122229, 122211, 122202, 122230, 122197, 122205, 122204, 122210, 122235","122208, 122232, 122215, 122225, 122195, 122203, 122224","122207, 122212, 122219, 122226, 122209, 122211, 122202"
64561,"152853, 152884, 152859, 152874, 152864, 152875, 152854, 152840, 152843, 152879, 152844, 152845, 152883, 152869, 152835, 152860, 152872, 152856, 152882, 152873, 152838, 152865","152839, 152867, 152842, 152837, 152836, 152878, 152855, 152870, 152846, 152852, 152841, 152880, 152851, 152848, 152862, 152850, 152858, 152876, 152849, 152881, 152866, 152871, 152847, 152868","152853, 152859, 152874, 152854, 152857, 152861, 152869, 152835","152836, 152877, 152866, 152863"
7905,"12659, 12666, 12686, 12651, 12667","12654, 12672, 12655, 12664, 12673, 12670, 12674, 12653, 12669, 12657, 12696, 12695, 12676, 12665, 12694, 12678, 12689, 12679, 12685, 12677, 12698, 12675, 12671, 12693, 12680, 12691, 12656, 12688, 12682, 12681, 12663, 12662, 12697, 12652, 12650, 12658, 12668, 12687","12659, 12661","12683, 12692, 12689, 12699, 12660, 12671, 12691, 12684, 12697, 12690, 12658, 12668"
62952,"115410, 115444, 115440, 115416, 115427, 115429, 115400, 115405, 115425, 115407, 115435, 115412","115424, 115433, 115403, 115415, 115417, 115421, 115428, 115420, 115426, 115398, 115446, 115414, 115432, 115436, 115439, 115423, 115401, 115430, 115408, 115404, 115442, 115397, 115411, 115434, 115399, 115402, 115409, 115431, 115443, 115422, 115441, 115438, 115413","115418, 115410, 115437","115419, 115426, 115436, 115423, 115406, 115402, 115422, 115438, 115413"
59704,"87653, 87659, 87671, 87680, 87688, 87686, 87695, 87694, 87692, 87693, 87690, 87684, 87687, 87661, 87669, 87677, 87682, 87685, 87658","87662, 87663, 87683, 87657, 87673, 87698, 87665, 87667, 87652, 87700, 87699, 87691, 87654, 87656, 87664, 87675, 87674, 87696, 87676, 87679, 87689, 87672, 87678, 87666, 87681, 87670","87671, 87694, 87693, 87687, 87661, 87655, 87685","87697, 87656, 87668, 87660, 87678"
64633,"154752, 154743, 154716, 154740, 154732, 154757, 154759, 154728, 154754, 154718, 154723, 154710, 154749, 154758, 154733, 154719, 154725, 154741, 154721, 154736","154742, 154755, 154711, 154748, 154746, 154722, 154713, 154714, 154731, 154734, 154729, 154717, 154744, 154715, 154739, 154751, 154726, 154738, 154756, 154720, 154730, 154724, 154737","154743, 154732, 154754, 154727, 154753, 154719, 154721","154712, 154750, 154745, 154751, 154747, 154720, 154735"
64223,"144819, 144816, 144797, 144813, 144803, 144831, 144815, 144830, 144824, 144822, 144811, 144807, 144793","144828, 144790, 144791, 144833, 144836, 144805, 144826, 144800, 144809, 144827, 144817, 144820, 144814, 144832, 144808, 144825, 144792, 144806, 144796, 144810, 144812, 144799, 144801, 144794, 144804, 144818, 144802, 144795, 144835, 144837, 144798, 144823","144829, 144838, 144816, 144821, 144803, 144815","144791, 144817, 144832, 144834, 144825, 144799"
63369,"120846, 120802, 120805, 120832, 120827, 120839, 120829, 120838, 120845, 120843, 120815, 120821, 120824, 120837, 120840, 120820, 120814, 120847, 120804","120812, 120806, 120810, 120835, 120819, 120844, 120830, 120800, 120826, 120816, 120813, 120803, 120833, 120836, 120811, 120823, 120841, 120822, 120825, 120834, 120808, 120818, 120807, 120831, 120798, 120801, 120817","120799, 120839, 120814","120842, 120844, 120809, 120816, 120836, 120823, 120841, 120828"
60173,"92561, 92563, 92568, 92562, 92570, 92537, 92564, 92541, 92552, 92543, 92553, 92529, 92546, 92566, 92567, 92536, 92534, 92538, 92531, 92528, 92551, 92545, 92554, 92544, 92532, 92557, 92548, 92558, 92530","92535, 92533, 92522, 92524, 92556, 92525, 92523, 92549, 92560, 92550, 92565, 92547, 92559, 92569, 92542, 92526, 92540, 92571, 92555, 92527","92563, 92541, 92548","92524, 92550, 92569, 92540, 92539"
64310,"147117, 147098, 147094, 147107, 147089, 147092, 147097, 147101, 147095, 147080, 147079, 147099, 147119","147112, 147116, 147114, 147084, 147118, 147073, 147110, 147111, 147078, 147108, 147090, 147096, 147081, 147075, 147082, 147074, 147093, 147088, 147072, 147077, 147091, 147076, 147106, 147105, 147113, 147087, 147102, 147100, 147103, 147109, 147104, 147070, 147086, 147083, 147085",147099,"147112, 147116, 147071, 147091, 147105, 147113, 147103, 147083"
66513,"197745, 197763, 197776, 197766, 197782, 197749, 197761, 197779, 197760, 197752, 197737, 197777, 197773, 197769, 197754, 197762, 197757","197744, 197758, 197747, 197750, 197755, 197751, 197746, 197740, 197738, 197786, 197775, 197772, 197784, 197741, 197785, 197756, 197748, 197765, 197774, 197781, 197780, 197767, 197753, 197768, 197759, 197764, 197743, 197771, 197742, 197783",197737,"197739, 197778, 197775, 197784, 197765, 197774, 197770, 197753, 197771"
63392,"121695, 121705, 121699, 121686, 121703, 121664, 121669, 121701, 121673, 121709, 121704, 121662, 121668, 121693, 121678, 121690, 121706, 121689, 121702, 121677, 121684, 121700, 121665","121680, 121685, 121672, 121661, 121710, 121663, 121708, 121692, 121671, 121696, 121682, 121691, 121683, 121670, 121698, 121679, 121674, 121666, 121676, 121707","121686, 121664, 121681, 121694, 121702, 121677","121680, 121661, 121663, 121667, 121687, 121697, 121688"
59642,"87073, 87070, 87108, 87075, 87083, 87093, 87077, 87087, 87071, 87089, 87102, 87072, 87080, 87095, 87061, 87086, 87081, 87104, 87069, 87109, 87068, 87078, 87074, 87107, 87082, 87079, 87100, 87084","87098, 87066, 87091, 87063, 87097, 87088, 87092, 87065, 87099, 87062, 87064, 87094","87073, 87067, 87096, 87077, 87089, 87090, 87076, 87095, 87086, 87110, 87078, 87103","87105, 87063, 87097, 87106"
63508,"126820, 126818, 126827, 126810, 126792, 126828, 126806, 126815, 126798, 126825, 126793, 126833, 126826, 126804, 126834","126812, 126814, 126824, 126788, 126831, 126787, 126799, 126800, 126809, 126794, 126829, 126819, 126811, 126796, 126785, 126790, 126791, 126822, 126802, 126813, 126805, 126830, 126817, 126795, 126808, 126789, 126786, 126807, 126816, 126801, 126821, 126823, 126832, 126803","126820, 126793, 126834","126812, 126797, 126813, 126830"
64345,"147842, 147854, 147844, 147866, 147868, 147831, 147846, 147843, 147849, 147837, 147850, 147861, 147851, 147826, 147853, 147823, 147862, 147833, 147860, 147829, 147827, 147836","147865, 147847, 147834, 147858, 147856, 147824, 147821, 147869, 147859, 147840, 147839, 147864, 147832, 147845, 147852, 147857, 147848, 147838, 147841, 147867, 147830, 147863, 147855","147828, 147835, 147846, 147837, 147862, 147836","147820, 147822, 147857, 147841, 147825"
62653,"112394, 112358, 112389, 112390, 112367, 112384, 112392, 112377, 112365, 112385, 112363, 112353, 112369, 112393, 112372, 112398, 112381, 112366, 112360, 112400","112375, 112376, 112391, 112382, 112368, 112388, 112401, 112397, 112380, 112371, 112361, 112364, 112379, 112378, 112370, 112374, 112356, 112373, 112396, 112352, 112399, 112354, 112383, 112386, 112395","112359, 112360","112376, 112387, 112397, 112361, 112356, 112352, 112354, 112386, 112362"
63913,"137685, 137648, 137681, 137684, 137665, 137671, 137653, 137639, 137673, 137640, 137664, 137687, 137661, 137682, 137672, 137670, 137659, 137686, 137662, 137669, 137656","137678, 137683, 137649, 137647, 137643, 137654, 137655, 137666, 137675, 137651, 137668, 137645, 137657, 137642, 137677, 137674, 137688, 137667, 137652, 137680, 137660","137663, 137679, 137673","137678, 137641, 137643, 137655, 137675, 137644, 137677, 137667, 137658, 137646, 137680"
61104,"98366, 98345, 98373, 98392, 98390, 98348, 98350, 98365, 98354, 98363, 98389, 98367, 98391, 98374, 98368, 98386, 98361, 98357, 98387, 98351","98385, 98343, 98364, 98379, 98362, 98376, 98352, 98378, 98381, 98375, 98355, 98370, 98388, 98346, 98358, 98380, 98344, 98359, 98377, 98372, 98347, 98349, 98371, 98353","98369, 98383, 98386, 98361, 98357","98356, 98384, 98364, 98346, 98382, 98372, 98353"
64216,"144679, 144664, 144660, 144670, 144646, 144681, 144647, 144674, 144654, 144652, 144666, 144662, 144671, 144682, 144687, 144653, 144644, 144688","144656, 144659, 144643, 144648, 144649, 144650, 144658, 144640, 144683, 144673, 144655, 144651, 144663, 144669, 144689, 144641, 144642, 144675, 144680, 144665, 144657, 144685, 144676, 144661, 144678, 144677","144684, 144666, 144662, 144672","144656, 144650, 144668, 144669, 144641, 144642, 144675, 144667"
64397,"148757, 148744, 148773, 148747, 148779, 148784, 148749, 148770, 148766, 148759, 148768, 148753, 148748, 148754, 148776, 148790, 148783","148742, 148760, 148765, 148771, 148764, 148775, 148752, 148782, 148750, 148777, 148745, 148789, 148786, 148767, 148746, 148785, 148751, 148756, 148774, 148755, 148788, 148743, 148762, 148772, 148763, 148758, 148787, 148780, 148791, 148769","148784, 148768, 148781","148760, 148761, 148778, 148785, 148751, 148788"
28371,"45550, 45516, 45528, 45553, 45535, 45514, 45536, 45521, 45533, 45522, 45523, 45518, 45530, 45542, 45529, 45538, 45549, 45506","45519, 45507, 45551, 45546, 45534, 45512, 45524, 45543, 45520, 45509, 45505, 45510, 45525, 45548, 45532, 45552, 45508, 45554, 45511, 45539, 45540, 45537, 45541, 45515","45550, 45545, 45513, 45547, 45531, 45521, 45523, 45518, 45544","45527, 45509, 45525, 45532, 45517"
63479,"125478, 125475, 125498, 125468, 125495, 125494, 125459, 125464, 125474, 125465, 125486, 125473, 125467, 125458, 125466, 125460, 125500, 125477, 125463, 125476, 125481, 125490, 125484","125453, 125471, 125462, 125461, 125487, 125496, 125485, 125479, 125483, 125480, 125492, 125452, 125491, 125489, 125454, 125482, 125451, 125457, 125488, 125499, 125469","125468, 125495, 125472, 125465, 125460, 125493, 125456","125470, 125483, 125497, 125455, 125457"
63583,"130056, 130067, 130053, 130048, 130055, 130050, 130045, 130064, 130032, 130041, 130039","130035, 130034, 130043, 130069, 130060, 130073, 130046, 130059, 130027, 130072, 130054, 130026, 130031, 130051, 130066, 130068, 130044, 130057, 130040, 130028, 130063, 130029, 130071, 130037, 130030, 130061, 130058, 130062, 130025, 130036, 130038","130033, 130074, 130047, 130065, 130045, 130064, 130042, 130039","130035, 130046, 130052, 130072, 130028, 130070"
63057,"116586, 116585, 116579, 116581, 116545, 116566, 116563, 116564, 116580, 116571, 116558, 116543, 116575, 116584, 116546, 116551, 116569, 116547, 116587, 116555","116578, 116570, 116542, 116548, 116572, 116556, 116557, 116544, 116553, 116589, 116576, 116573, 116560, 116582, 116568, 116562, 116552, 116574, 116561, 116565, 116549, 116541, 116554, 116588, 116577, 116559","116550, 116571, 116543, 116583, 116587","116589, 116562, 116567, 116554, 116540"
64571,"153135, 153169, 153152, 153137, 153180, 153158, 153163, 153160","153153, 153145, 153155, 153156, 153154, 153184, 153161, 153176, 153162, 153143, 153173, 153164, 153141, 153165, 153139, 153136, 153171, 153138, 153166, 153151, 153140, 153183, 153178, 153179, 153177, 153149, 153144, 153168, 153182, 153148, 153170, 153147, 153150, 153159, 153146, 153181, 153157","153135, 153152","153167, 153172, 153139, 153138, 153149, 153144, 153182, 153148, 153181"
65071,"171954, 171928, 171946, 171939, 171952, 171922, 171920, 171942, 171945, 171929, 171953, 171948, 171940, 171941","171926, 171936, 171934, 171937, 171944, 171924, 171916, 171930, 171938, 171943, 171951, 171935, 171918, 171912, 171919, 171906, 171910, 171923, 171908, 171915, 171927, 171947, 171907, 171931, 171913, 171905, 171921","171917, 171933, 171914","171909, 171926, 171936, 171950, 171925, 171918, 171919, 171906, 171932, 171949, 171911, 171921"
67975,"233706, 233695, 233720, 233696, 233721, 233679, 233703, 233699, 233718, 233683, 233713, 233692, 233688, 233678, 233707, 233722, 233715, 233680, 233711","233712, 233705, 233681, 233682, 233689, 233704, 233686, 233708, 233684, 233674, 233697, 233710, 233714, 233717, 233716, 233690, 233694, 233709, 233685, 233700, 233693, 233701, 233675, 233702, 233677","233691, 233692, 233698, 233711","233673, 233687, 233716, 233709, 233685, 233719, 233676, 233675"
64503,"150999, 150992, 151008, 151024, 150989, 151022, 151019, 151011, 150998, 150986, 151007, 150990, 151029, 151027, 151000, 151004, 150994, 151028, 151025, 151018, 151009, 151023, 151031, 151006","151010, 151014, 151002, 151015, 151030, 150985, 151033, 151013, 151016, 151032, 150988, 150997, 151034, 150987, 151017, 150993, 150995, 150996, 151021, 151005, 151026, 151020, 151001","151011, 151012, 151027, 150994, 150991","151015, 150985, 151003, 151016"
64364,"148365, 148360, 148330, 148334, 148363, 148359, 148335, 148326, 148320, 148351, 148352, 148340, 148361, 148368, 148367, 148345","148324, 148339, 148362, 148323, 148322, 148347, 148336, 148366, 148357, 148346, 148327, 148369, 148333, 148355, 148343, 148338, 148358, 148356, 148331, 148341, 148337, 148353, 148325, 148329, 148354, 148348, 148364, 148344, 148321, 148350","148342, 148345, 148328","148322, 148336, 148346, 148332, 148356, 148353, 148349"
63769,"135858, 135867, 135895, 135859, 135874, 135869, 135894, 135856, 135863, 135853, 135878","135864, 135857, 135884, 135852, 135860, 135887, 135855, 135885, 135888, 135850, 135866, 135861, 135877, 135893, 135848, 135891, 135886, 135854, 135870, 135881, 135849, 135892, 135872, 135851, 135876, 135889, 135873, 135868, 135882, 135890, 135865, 135875, 135879","135858, 135896, 135894","135864, 135855, 135888, 135871, 135847, 135891, 135862, 135880, 135883"
63424,"123022, 123034, 123018, 123036, 123011, 122989, 123021, 122991, 123032, 123002, 123027, 123035, 122997, 123007","123033, 123010, 123029, 123020, 123023, 123024, 123009, 123026, 123025, 122992, 123012, 123030, 123019, 123014, 122988, 123013, 123003, 122998, 122990, 123006, 123016, 123008, 122996, 123015, 123017, 123028, 123001, 122993, 123031, 123000, 123005","122999, 123036, 123007","123004, 122987, 123020, 123026, 123014, 122994, 123015, 122995"
59083,"84089, 84088, 84091, 84069, 84080, 84087, 84084, 84071, 84072, 84086, 84105, 84113, 84074, 84070, 84083, 84102, 84065, 84106, 84110, 84077, 84104, 84078, 84075, 84081","84066, 84101, 84099, 84094, 84098, 84076, 84108, 84095, 84096, 84107, 84079, 84109, 84090, 84064, 84068, 84082, 84103, 84097","84069, 84093, 84111, 84105, 84102, 84073, 84085","84066, 84092, 84099, 84100, 84067, 84103, 84097"
64460,"149864, 149882, 149898, 149876, 149899, 149878, 149901, 149888, 149866, 149893, 149894, 149868, 149879, 149886, 149873, 149892, 149909, 149861, 149871, 149870, 149908","149880, 149904, 149869, 149863, 149889, 149885, 149865, 149906, 149902, 149862, 149874, 149907, 149905, 149891, 149897, 149881, 149872, 149900, 149903, 149860, 149877, 149890","149883, 149898, 149876, 149875, 149895, 149868, 149884, 149909","149905, 149887, 149896, 149867"
62868,"114412, 114419, 114446, 114438, 114436, 114450, 114443, 114452, 114440, 114449, 114421, 114407","114447, 114439, 114409, 114430, 114437, 114422, 114410, 114441, 114405, 114406, 114418, 114448, 114433, 114428, 114416, 114442, 114434, 114403, 114423, 114425, 114429, 114426, 114413, 114431, 114424, 114404, 114420, 114417, 114411, 114414, 114432, 114444","114446, 114445, 114435, 114421, 114408","114415, 114416, 114424, 114404, 114420, 114411"
28912,"49379, 49408, 49388, 49386, 49394, 49387, 49410, 49401, 49385, 49383","49409, 49389, 49392, 49411, 49376, 49375, 49404, 49397, 49368, 49403, 49406, 49390, 49366, 49407, 49398, 49369, 49364, 49381, 49377, 49395, 49384, 49405, 49382, 49363, 49399, 49400, 49396, 49365, 49412, 49378, 49374, 49373, 49372, 49402, 49380, 49367","49391, 49370","49397, 49390, 49371, 49382, 49393, 49380, 49367"
63435,"123497, 123517, 123501, 123533, 123485, 123508, 123526, 123520, 123531, 123530, 123503, 123515, 123495, 123491, 123532, 123514, 123505, 123521, 123493, 123509, 123527, 123511, 123506, 123534, 123518, 123500, 123524, 123499","123488, 123513, 123516, 123504, 123486, 123519, 123489, 123496, 123498, 123525, 123487, 123529, 123502, 123494, 123522","123523, 123517, 123526, 123530, 123505, 123510, 123507, 123528","123490, 123529, 123494, 123492"
30790,"55670, 55641, 55647, 55673, 55648, 55682, 55658, 55638, 55639, 55675","55661, 55646, 55659, 55643, 55655, 55666, 55644, 55637, 55667, 55669, 55678, 55674, 55677, 55652, 55680, 55651, 55681, 55633, 55636, 55671, 55653, 55654, 55657, 55640, 55649, 55663, 55650, 55662, 55679, 55664, 55645, 55660, 55672, 55676, 55634, 55642",,"55665, 55659, 55666, 55656, 55651, 55671, 55668, 55635, 55642"
63545,"128494, 128513, 128503, 128482, 128515, 128501, 128492, 128481, 128519, 128496, 128512, 128495, 128490, 128499","128510, 128504, 128498, 128491, 128474, 128476, 128488, 128486, 128514, 128475, 128508, 128477, 128489, 128483, 128518, 128478, 128500, 128485, 128473, 128480, 128484, 128516, 128472, 128509, 128506, 128493, 128520, 128511, 128497","128513, 128479, 128501, 128519","128507, 128483, 128502, 128478, 128517, 128500, 128505, 128487"
21432,"30686, 30698, 30692, 30683, 30669, 30709, 30690, 30685, 30694, 30691, 30702, 30677, 30703, 30711, 30717, 30706","30682, 30676, 30707, 30708, 30714, 30688, 30675, 30699, 30673, 30715, 30671, 30695, 30716, 30687, 30674, 30697, 30681, 30718, 30680, 30679, 30678, 30670, 30705, 30713, 30684, 30700, 30689, 30712, 30693, 30696","30710, 30669, 30690, 30694, 30703","30675, 30704, 30713, 30712"
62349,"109217, 109253, 109225, 109262, 109237, 109238, 109215, 109221, 109233, 109242, 109254, 109259, 109229, 109234, 109236, 109248, 109223, 109230, 109240, 109249, 109246","109224, 109227, 109226, 109239, 109214, 109232, 109244, 109231, 109247, 109228, 109250, 109241, 109222, 109251, 109261, 109258, 109256, 109235, 109252, 109257, 109245, 109220, 109255, 109218, 109260, 109263","109234, 109230","109226, 109216, 109247, 109222, 109261, 109243"
63927,"138046, 138064, 138085, 138063, 138041, 138071, 138052, 138060, 138054, 138080, 138086, 138079, 138061, 138081, 138045, 138051, 138059","138075, 138055, 138062, 138039, 138067, 138050, 138043, 138066, 138068, 138074, 138065, 138048, 138058, 138040, 138083, 138037, 138038, 138076, 138069, 138073, 138049, 138047, 138044, 138042, 138072, 138077, 138082, 138078, 138056, 138057, 138053","138054, 138084","138066, 138070, 138049, 138072, 138078"
59812,"88519, 88528, 88538, 88531, 88527, 88536, 88500, 88539, 88508, 88511, 88516","88497, 88532, 88501, 88537, 88526, 88503, 88513, 88510, 88498, 88514, 88533, 88522, 88499, 88505, 88542, 88541, 88540, 88520, 88525, 88530, 88524, 88523, 88504, 88534, 88543, 88518, 88517, 88535, 88521, 88496, 88507, 88502","88539, 88509","88532, 88537, 88510, 88499, 88495, 88507, 88494, 88512, 88515, 88529"
63569,"129426, 129460, 129438, 129440, 129439, 129415, 129418, 129429, 129414, 129422, 129432","129449, 129441, 129445, 129413, 129454, 129458, 129452, 129446, 129424, 129420, 129444, 129448, 129442, 129412, 129423, 129456, 129428, 129461, 129419, 129430, 129451, 129450, 129459, 129421, 129425, 129436, 129434, 129453, 129416, 129443, 129431, 129457, 129433, 129455, 129427","129417, 129414","129423, 129437, 129434, 129453, 129435, 129431, 129433"
62361,"109439, 109419, 109455, 109441, 109459, 109423, 109429, 109461, 109456, 109436, 109453, 109445, 109452, 109427, 109421, 109446, 109440, 109448, 109416, 109438, 109425, 109444, 109413, 109450, 109422, 109443, 109424, 109435, 109460, 109454","109437, 109449, 109414, 109418, 109420, 109431, 109417, 109442, 109457, 109432, 109447, 109451, 109458, 109434, 109462, 109426","109459, 109430, 109415, 109413, 109428","109433, 109442, 109432, 109462"
63644,"132398, 132417, 132383, 132394, 132390, 132396, 132411, 132412, 132381, 132403, 132387, 132378, 132406, 132377, 132409, 132407, 132385, 132379, 132370","132373, 132393, 132416, 132391, 132404, 132402, 132388, 132375, 132384, 132371, 132372, 132400, 132405, 132380, 132392, 132386, 132389, 132413, 132414, 132382, 132369, 132410, 132395, 132401","132398, 132376, 132390, 132408, 132403, 132415, 132399, 132379","132380, 132397, 132386, 132369"
7658,"12490, 12466, 12482, 12457, 12481, 12483, 12453, 12498, 12499, 12477","12467, 12471, 12458, 12452, 12468, 12480, 12473, 12476, 12475, 12456, 12487, 12470, 12472, 12494, 12479, 12463, 12464, 12478, 12488, 12465, 12493, 12469, 12486, 12455, 12461, 12495, 12451, 12496, 12474, 12485, 12491, 12462, 12484, 12454, 12497","12490, 12492, 12500","12459, 12460, 12468, 12487, 12463, 12485, 12454"
63359,"120394, 120361, 120372, 120364, 120362, 120360, 120388, 120397, 120379, 120365, 120384, 120399, 120391, 120405, 120398, 120406, 120377, 120367, 120363, 120401, 120380, 120389, 120381, 120358, 120369, 120396, 120382, 120375","120402, 120400, 120403, 120395, 120393, 120387, 120368, 120373, 120390, 120357, 120359, 120370, 120376, 120374, 120378, 120392, 120386, 120366","120372, 120383, 120388, 120404, 120401, 120382","120393, 120387, 120371"
66731,"203964, 203955, 203957, 203972, 203965, 203950, 203974, 203946, 203933, 203947, 203980, 203954","203967, 203951, 203973, 203970, 203953, 203952, 203949, 203961, 203939, 203960, 203942, 203978, 203932, 203941, 203943, 203959, 203956, 203958, 203966, 203968, 203935, 203945, 203963, 203977, 203975, 203969, 203948, 203979, 203937, 203944, 203940, 203971, 203976, 203981, 203938, 203962",,"203952, 203960, 203958, 203934, 203944, 203976, 203938"
59506,"86553, 86528, 86542, 86546, 86549, 86562, 86530, 86520, 86543, 86539, 86532, 86563, 86534, 86523, 86545, 86551, 86556, 86557, 86524, 86550, 86555, 86514, 86536, 86548, 86554, 86552","86521, 86537, 86533, 86522, 86538, 86535, 86527, 86517, 86531, 86516, 86525, 86544, 86519, 86558, 86529, 86518, 86547, 86540, 86526","86553, 86561, 86559, 86549, 86541, 86545, 86514, 86560","86515, 86535"
64221,"144784, 144765, 144746, 144771, 144752, 144747, 144755, 144757, 144779, 144774, 144770, 144748, 144777, 144756, 144754, 144780","144763, 144761, 144781, 144789, 144787, 144785, 144788, 144750, 144743, 144783, 144778, 144772, 144759, 144740, 144741, 144766, 144749, 144776, 144767, 144742, 144745, 144751, 144786, 144769, 144768, 144775, 144758, 144744","144764, 144760, 144762, 144773","144753, 144782, 144750, 144776, 144767, 144742, 144758"
63759,"135470, 135503, 135487, 135475, 135472, 135508, 135474, 135505, 135484, 135473, 135499, 135504, 135507","135506, 135481, 135479, 135477, 135478, 135463, 135469, 135480, 135495, 135493, 135467, 135464, 135485, 135466, 135498, 135494, 135471, 135490, 135497, 135500, 135461, 135482, 135483, 135476, 135462, 135488, 135496, 135489, 135486, 135491, 135460, 135468",135504,"135469, 135485, 135501, 135498, 135471, 135461, 135476, 135502, 135468"
60184,"92620, 92601, 92606, 92602, 92597, 92604, 92579, 92603, 92596, 92598, 92580","92607, 92586, 92615, 92590, 92599, 92592, 92589, 92595, 92613, 92610, 92593, 92618, 92614, 92591, 92616, 92621, 92584, 92581, 92583, 92588, 92611, 92578, 92617, 92587, 92576, 92619, 92572, 92582, 92585, 92608, 92573, 92574, 92577","92597, 92598","92590, 92575, 92609, 92584, 92619, 92572, 92573, 92605, 92574"
62113,"106792, 106771, 106768, 106788, 106782, 106780, 106770, 106794, 106749, 106772, 106766, 106761, 106748, 106783, 106747","106758, 106764, 106787, 106784, 106786, 106769, 106795, 106754, 106763, 106776, 106755, 106774, 106752, 106791, 106753, 106751, 106781, 106773, 106767, 106760, 106779, 106777, 106757, 106793, 106775, 106750, 106759","106789, 106790, 106796, 106747","106758, 106785, 106791, 106751, 106773, 106762, 106756, 106778, 106759"
63934,"138360, 138373, 138367, 138382, 138383, 138358, 138363, 138361, 138357, 138348, 138378, 138379, 138356, 138349","138354, 138368, 138334, 138370, 138359, 138371, 138364, 138353, 138346, 138374, 138380, 138355, 138381, 138337, 138340, 138338, 138366, 138352, 138369, 138347, 138372, 138377, 138342, 138350, 138351, 138375","138373, 138365, 138335, 138341","138376, 138362, 138345, 138339, 138343, 138352, 138344, 138372, 138336, 138351, 138375"
837,"1852, 1868, 1873, 1828, 1865, 1855, 1830, 1863, 1858, 1843, 1827, 1826, 1869, 1867, 1846, 1874, 1870, 1839, 1859, 1840, 1848, 1851, 1835, 1832, 1875","1831, 1850, 1857, 1836, 1841, 1871, 1833, 1847, 1861, 1856, 1845, 1834, 1844, 1866, 1862, 1842, 1853, 1854, 1872, 1829, 1864","1860, 1828, 1867, 1838, 1848","1836, 1861, 1837, 1849"
63740,"134743, 134756, 134723, 134725, 134752, 134718, 134732, 134724, 134740, 134741, 134734, 134731, 134720, 134727, 134757, 134733, 134742, 134746, 134748","134755, 134744, 134737, 134747, 134738, 134745, 134730, 134712, 134726, 134709, 134736, 134715, 134753, 134721, 134713, 134728, 134754, 134750, 134722, 134717, 134711, 134719, 134735, 134739, 134729","134714, 134725, 134740, 134720","134716, 134745, 134749, 134709, 134751, 134728, 134711"
9096,"13447, 13437, 13467, 13446, 13453, 13472, 13458, 13448, 13456, 13434, 13443, 13474, 13460, 13469, 13444, 13463, 13466, 13478, 13442, 13439, 13470, 13468, 13476, 13461, 13455","13477, 13452, 13433, 13430, 13436, 13462, 13441, 13459, 13475, 13454, 13451, 13445, 13438, 13457, 13435, 13432, 13464, 13473, 13440","13437, 13449, 13460, 13450, 13471","13430, 13462, 13451, 13473, 13429, 13465"
63742,,"134764, 134772, 134784, 134773, 134800, 134759, 134771, 134803, 134795, 134758, 134775, 134793, 134788, 134770, 134766, 134786, 134794, 134761, 134806, 134768, 134790, 134783, 134787, 134802, 134760, 134799, 134767, 134774, 134762, 134779, 134782, 134801, 134780, 134797, 134789, 134798, 134778, 134769, 134792, 134791, 134765, 134785, 134763",,"134772, 134759, 134766, 134805, 134802, 134776, 134774, 134779, 134789, 134796, 134777, 134792"
62525,"110932, 110970, 110939, 110935, 110933, 110925, 110936, 110945, 110968, 110947, 110972, 110927, 110950, 110943, 110934, 110957, 110928, 110955, 110973, 110960, 110953, 110965, 110971, 110956, 110948, 110949, 110959, 110969, 110938, 110926, 110963, 110931, 110951","110964, 110930, 110944, 110954, 110940, 110966, 110941, 110929, 110937, 110952, 110958","110942, 110961, 110967, 110943, 110957, 110969, 110924","110964, 110946, 110929, 110962"
63207,"118402, 118444, 118432, 118395, 118406, 118410, 118409, 118435, 118442, 118426, 118403","118416, 118436, 118433, 118420, 118440, 118422, 118439, 118396, 118421, 118430, 118404, 118423, 118397, 118437, 118425, 118419, 118412, 118427, 118441, 118424, 118428, 118415, 118408, 118438, 118417, 118414, 118411, 118418, 118399, 118401, 118398, 118413, 118443, 118431",118435,"118420, 118423, 118400, 118405, 118434, 118428, 118438, 118411, 118429"
64598,"154014, 154018, 154026, 154035, 154034, 154012, 154058, 154056, 154041, 154021, 154044, 154037, 154028, 154040, 154049, 154047, 154030, 154038, 154029, 154036, 154052, 154015, 154016, 154017, 154032, 154055","154027, 154020, 154057, 154019, 154045, 154059, 154010, 154011, 154043, 154022, 154024, 154051, 154023, 154048, 154042, 154054, 154046, 154039, 154013, 154031","154025, 154033, 154040, 154050, 154038","154053, 154010, 154023, 154046"
63571,"129542, 129550, 129531, 129536, 129549, 129555, 129544, 129509, 129534, 129547","129556, 129512, 129554, 129532, 129516, 129545, 129519, 129524, 129530, 129520, 129551, 129508, 129540, 129517, 129557, 129515, 129552, 129518, 129538, 129523, 129525, 129541, 129511, 129539, 129535, 129514, 129553, 129548, 129522, 129537, 129543, 129527, 129526, 129528, 129529, 129521, 129533",,"129546, 129512, 129525, 129541, 129510, 129543, 129528, 129513"
61493,"101910, 101894, 101913, 101927, 101920, 101908, 101940, 101905, 101906, 101935, 101934, 101939, 101922, 101902, 101916, 101933, 101897, 101943, 101928, 101900, 101895","101914, 101921, 101912, 101907, 101938, 101932, 101909, 101929, 101903, 101930, 101918, 101924, 101937, 101931, 101926, 101915, 101923, 101904, 101898, 101936, 101896","101927, 101920, 101942, 101939, 101911, 101941","101901, 101899, 101903, 101931, 101919, 101923, 101904"
64280,"146164, 146136, 146152, 146147, 146130, 146134, 146167, 146168, 146161, 146129, 146135","146169, 146127, 146163, 146144, 146139, 146145, 146149, 146138, 146125, 146133, 146141, 146137, 146162, 146142, 146158, 146140, 146166, 146150, 146126, 146124, 146131, 146160, 146153, 146154, 146143, 146122, 146151, 146148, 146159, 146155","146130, 146146, 146132, 146121","146163, 146120, 146128, 146139, 146156, 146125, 146162, 146165, 146157, 146159"
62625,"112225, 112192, 112211, 112188, 112194, 112203, 112222, 112180, 112189, 112209, 112179, 112187, 112217, 112193, 112206, 112223, 112212, 112218, 112182, 112184, 112219, 112201, 112195, 112224, 112178, 112191, 112183, 112216, 112199","112213, 112198, 112221, 112181, 112177, 112204, 112186, 112196, 112208, 112202, 112185, 112190, 112207, 112210, 112226, 112197","112225, 112203, 112222, 112214, 112215, 112219, 112205, 112191","112220, 112202"
28571,"47143, 47100, 47104, 47112, 47120, 47137, 47106, 47127, 47147, 47139, 47140, 47115, 47102","47116, 47145, 47141, 47114, 47146, 47132, 47119, 47118, 47133, 47105, 47136, 47108, 47125, 47117, 47123, 47103, 47135, 47134, 47129, 47098, 47138, 47130, 47113, 47128, 47109, 47144, 47099, 47142, 47126, 47124, 47121, 47101, 47110",47106,"47122, 47133, 47131, 47108, 47125, 47107, 47101, 47110"
61859,"104670, 104673, 104678","104640, 104680, 104646, 104660, 104675, 104642, 104634, 104655, 104663, 104638, 104654, 104658, 104644, 104672, 104635, 104671, 104649, 104676, 104669, 104636, 104659, 104648, 104651, 104668, 104664, 104667, 104666, 104665, 104643, 104633, 104650, 104661, 104647, 104674, 104662, 104652, 104637, 104681, 104653, 104679, 104645","104673, 104657","104640, 104677, 104660, 104656, 104658, 104632, 104669, 104633, 104662"
64336,"147624, 147635, 147620, 147632, 147654, 147651, 147647, 147668, 147634, 147663, 147637, 147644, 147636, 147646, 147631, 147659, 147628, 147669, 147652, 147648, 147643, 147662, 147627, 147649, 147660, 147629, 147657, 147667, 147639, 147630, 147621, 147642","147658, 147638, 147655, 147640, 147665, 147626, 147653, 147641, 147623, 147633, 147666, 147661, 147625, 147645, 147656, 147650","147654, 147663, 147639, 147630","147622, 147665, 147664"
59523,"86642, 86616, 86636, 86663, 86632, 86633, 86624, 86641, 86620, 86658, 86656, 86645, 86634, 86637, 86646, 86653, 86626, 86631, 86628, 86618, 86643, 86647, 86623","86619, 86625, 86639, 86650, 86615, 86657, 86660, 86622, 86644, 86617, 86661, 86649, 86614, 86648, 86652, 86659, 86635, 86629, 86651, 86655, 86640","86658, 86630, 86621, 86631, 86638","86639, 86654, 86657, 86661, 86614, 86629"
63430,"123299, 123334, 123315, 123310, 123311, 123330, 123335, 123312, 123306, 123292, 123323, 123293, 123318, 123301, 123328, 123305, 123316, 123324, 123295, 123326, 123297, 123314, 123309, 123320, 123319","123308, 123332, 123307, 123331, 123291, 123327, 123313, 123294, 123289, 123288, 123329, 123303, 123296, 123302, 123290, 123298, 123317, 123287, 123322","123299, 123306, 123333, 123321, 123300","123308, 123307, 123304, 123325, 123290, 123287"
58251,"79787, 79780, 79741, 79763, 79755, 79761, 79739, 79751, 79785, 79788, 79770, 79771, 79779, 79772, 79786, 79754, 79764, 79759, 79775","79757, 79769, 79766, 79750, 79742, 79745, 79744, 79749, 79777, 79767, 79753, 79740, 79774, 79758, 79783, 79776, 79778, 79784, 79756, 79768, 79781, 79743, 79773, 79746, 79765, 79782","79780, 79741, 79785, 79747, 79752, 79748","79745, 79744, 79778, 79762"
63473,"125184, 125167, 125194, 125182, 125200, 125197, 125169, 125177, 125176, 125180, 125186, 125172, 125190, 125166, 125191, 125173, 125198, 125163","125152, 125155, 125178, 125199, 125153, 125187, 125156, 125181, 125158, 125154, 125196, 125157, 125189, 125151, 125192, 125171, 125162, 125164, 125175, 125165, 125160, 125193, 125168, 125195, 125159, 125170, 125161, 125174","125200, 125176","125152, 125185, 125188, 125179, 125164, 125160, 125159"
66469,"196769, 196787, 196784, 196785, 196748, 196774, 196781, 196773, 196762, 196764, 196743, 196760, 196746, 196759, 196786, 196750, 196778, 196754, 196789, 196788, 196779, 196766, 196771, 196780, 196756, 196767","196757, 196741, 196777, 196745, 196751, 196742, 196763, 196772, 196744, 196761, 196776, 196740, 196747, 196755, 196758, 196782","196749, 196773, 196762, 196759, 196765, 196768, 196752, 196756, 196767, 196753","196783, 196770, 196775"
61250,"99794, 99821, 99784, 99783, 99819, 99813, 99796, 99798, 99820, 99801, 99790, 99824, 99792, 99818, 99809, 99785, 99812, 99786, 99826, 99811","99804, 99779, 99815, 99827, 99800, 99782, 99788, 99795, 99825, 99789, 99793, 99802, 99823, 99787, 99817, 99808, 99791, 99805, 99816, 99807, 99799","99806, 99797, 99784, 99803, 99822, 99778, 99810, 99792, 99814, 99781, 99786","99804, 99827, 99780"
20768,"29854, 29840, 29851, 29880, 29874, 29883, 29846, 29855, 29888, 29885, 29882, 29877, 29881, 29850, 29848","29886, 29860, 29849, 29863, 29856, 29853, 29861, 29841, 29864, 29847, 29844, 29884, 29870, 29858, 29876, 29869, 29868, 29887, 29879, 29866, 29875, 29857, 29859, 29862, 29867, 29865, 29873, 29843, 29852",29840,"29871, 29878, 29856, 29853, 29861, 29845, 29870, 29842, 29887, 29852"
60465,"94245, 94219, 94261, 94226, 94246, 94221, 94233, 94253, 94254, 94228, 94241, 94259, 94222, 94240","94262, 94260, 94257, 94234, 94242, 94231, 94248, 94232, 94229, 94249, 94239, 94225, 94235, 94218, 94256, 94255, 94220, 94247, 94223, 94216, 94215, 94236, 94263, 94250, 94258, 94227, 94217, 94251, 94252, 94224, 94237","94233, 94254, 94241","94230, 94214, 94249, 94239, 94215, 94244, 94238"
66592,"200582, 200561, 200547, 200541, 200553, 200565, 200574, 200540, 200549, 200563, 200535, 200583, 200564, 200546, 200548, 200557, 200554, 200566, 200552, 200578, 200568, 200579, 200551","200573, 200571, 200545, 200580, 200560, 200543, 200556, 200567, 200572, 200550, 200576, 200575, 200537, 200542, 200539, 200562, 200536, 200577, 200534, 200538, 200569, 200559, 200558","200553, 200583, 200568, 200551","200544, 200570, 200576, 200542, 200558"
22324,"31933, 31958, 31952, 31923, 31961, 31941, 31960, 31925, 31939, 31945, 31949, 31955, 31959, 31914, 31950, 31954, 31920, 31922, 31930","31913, 31951, 31926, 31943, 31919, 31918, 31917, 31948, 31929, 31940, 31957, 31934, 31946, 31944, 31921, 31938, 31937, 31931, 31942, 31956, 31915, 31962, 31932, 31916, 31935","31927, 31953, 31954, 31930","31924, 31947, 31946, 31938, 31937, 31931, 31935"
64662,"155638, 155617, 155644, 155622, 155615, 155629, 155645, 155633, 155608, 155637, 155620","155612, 155640, 155635, 155639, 155623, 155614, 155605, 155613, 155602, 155603, 155618, 155646, 155634, 155611, 155619, 155642, 155599, 155600, 155625, 155621, 155598, 155636, 155597, 155607, 155631, 155609, 155643, 155616, 155641, 155628, 155601, 155626, 155627, 155632","155644, 155615, 155608","155623, 155610, 155602, 155603, 155642, 155630, 155606"
63526,"127588, 127602, 127626, 127582, 127616, 127605, 127618, 127612, 127621, 127590, 127592, 127615, 127622, 127577, 127604, 127586, 127624, 127606, 127587, 127583, 127625, 127593, 127589, 127623","127579, 127596, 127584, 127603, 127595, 127608, 127599, 127597, 127578, 127594, 127585, 127617, 127611, 127600, 127607, 127620, 127613, 127614, 127598, 127601","127591, 127616, 127612, 127615, 127580, 127622, 127624, 127593","127578, 127609, 127610"
63481,"125582, 125592, 125568, 125575, 125557, 125573, 125567, 125576, 125598, 125554, 125585, 125584, 125588, 125571, 125563, 125574, 125583, 125590, 125580","125578, 125600, 125551, 125595, 125591, 125599, 125581, 125594, 125597, 125560, 125572, 125577, 125589, 125558, 125555, 125561, 125562, 125587, 125586","125568, 125596, 125564, 125567, 125584","125559, 125600, 125553, 125566, 125552, 125556, 125593, 125577, 125569, 125570, 125565, 125586"
63910,"137576, 137588, 137551, 137566, 137547, 137556, 137549, 137567, 137569, 137543, 137586, 137587, 137565, 137582, 137578, 137572, 137553, 137564","137546, 137584, 137550, 137570, 137558, 137579, 137562, 137542, 137561, 137577, 137563, 137574, 137571, 137568, 137580, 137554, 137548, 137539, 137555, 137541, 137560, 137540, 137544, 137557, 137552, 137581, 137575","137551, 137566, 137545, 137573, 137572","137546, 137585, 137539, 137544, 137583"
62155,"107116, 107108, 107132, 107115, 107117, 107091, 107123, 107140, 107133, 107135, 107119","107099, 107111, 107134, 107118, 107137, 107131, 107112, 107095, 107098, 107114, 107101, 107136, 107120, 107094, 107110, 107128, 107121, 107130, 107103, 107129, 107104, 107100, 107107, 107092, 107127, 107139, 107125, 107097, 107096, 107109, 107113, 107105, 107126, 107093","107122, 107091, 107124","107099, 107102, 107112, 107106, 107107, 107092, 107097"
35514,"60390, 60389, 60365, 60373, 60364, 60403, 60363, 60395, 60394, 60360, 60385, 60401, 60368, 60384, 60371, 60381, 60372, 60404, 60374","60397, 60367, 60399, 60400, 60405, 60387, 60359, 60369, 60382, 60393, 60375, 60383, 60377, 60380, 60376, 60388, 60356, 60391, 60378, 60402, 60379, 60366, 60361","60389, 60373, 60362, 60396, 60381, 60370","60358, 60387, 60369, 60357, 60391, 60398, 60386"
63505,"126679, 126662, 126654, 126663, 126675, 126683, 126672, 126671, 126658, 126643, 126669, 126646, 126680, 126657, 126668, 126667, 126682, 126652, 126676, 126637, 126641, 126661, 126638, 126678, 126636, 126674, 126651, 126664, 126673, 126670, 126649, 126659, 126677, 126642, 126684","126660, 126645, 126650, 126647, 126665, 126648, 126656","126639, 126643, 126640, 126655, 126678, 126636, 126644, 126670, 126653, 126635, 126642","126648, 126681"
368,"1045, 1065, 1025, 1048, 1050, 1044, 1019, 1017, 1023, 1064, 1042, 1031, 1055, 1043, 1059, 1034, 1061, 1038, 1063, 1046, 1049","1026, 1018, 1060, 1020, 1033, 1027, 1037, 1066, 1052, 1047, 1024, 1057, 1021, 1056, 1022, 1058, 1032, 1054, 1035, 1030, 1062, 1053, 1036","1050, 1042, 1039, 1059, 1041, 1038","1018, 1027, 1040, 1058, 1028"
62264,"108453, 108458, 108469, 108467, 108442, 108455, 108450, 108428, 108449, 108473, 108459, 108437, 108448, 108444, 108462, 108476, 108443, 108460, 108438, 108433, 108451, 108465, 108445, 108475","108457, 108477, 108446, 108474, 108441, 108461, 108440, 108472, 108466, 108430, 108431, 108454, 108435, 108463, 108439, 108456, 108429, 108468, 108464, 108452, 108436","108473, 108434, 108471, 108465","108447, 108430, 108439, 108432, 108429, 108470"
63316,"119657, 119645, 119677, 119679, 119664, 119637, 119672, 119678, 119675","119671, 119662, 119630, 119643, 119644, 119631, 119661, 119647, 119648, 119656, 119632, 119668, 119638, 119640, 119652, 119639, 119636, 119633, 119667, 119635, 119673, 119670, 119646, 119642, 119655, 119659, 119650, 119665, 119641, 119674, 119660, 119649, 119676, 119634, 119666","119654, 119677, 119669","119673, 119642, 119674, 119663, 119658, 119651, 119676, 119634"
63601,"130787, 130792, 130775, 130791, 130763, 130757, 130758, 130783, 130793, 130771, 130785, 130755, 130797, 130779, 130774, 130782, 130788, 130801, 130777, 130789, 130770, 130781, 130802, 130790, 130780, 130761, 130799, 130772","130776, 130760, 130756, 130796, 130766, 130773, 130769, 130795, 130762, 130768, 130803, 130784, 130767, 130759, 130765, 130798","130783, 130794, 130786, 130785, 130778, 130764, 130780","130776, 130766, 130769, 130767"
64252,"145557, 145585, 145572, 145546, 145558, 145553, 145577, 145552, 145575, 145544, 145539, 145565, 145554, 145578, 145579, 145542","145551, 145560, 145561, 145584, 145550, 145545, 145563, 145583, 145570, 145573, 145580, 145562, 145574, 145587, 145543, 145566, 145548, 145555, 145568, 145538, 145541, 145549, 145556, 145540, 145586, 145571, 145559, 145567, 145576, 145569",145539,"145581, 145563, 145580, 145555, 145547, 145538, 145564, 145586"
60234,"93011, 93009, 92970, 93004, 92987, 92994, 93002, 93003, 93000, 92999, 93018, 92984, 92993, 92986, 92992, 92990, 92971","93010, 92995, 92989, 93013, 92996, 93014, 93015, 92974, 92978, 92973, 92981, 92977, 92998, 93017, 92979, 93019, 93005, 92983, 93016, 92991, 93006, 93012, 93007, 92975, 92988, 92985, 92997, 92972, 92980","93008, 93004, 93001, 92976, 92982, 93000","93013, 92991, 92975"
63156,"117919, 117952, 117904, 117941, 117922, 117903, 117909, 117926, 117927, 117908, 117942, 117931","117943, 117951, 117944, 117923, 117928, 117913, 117929, 117914, 117916, 117939, 117937, 117936, 117917, 117912, 117947, 117932, 117946, 117938, 117915, 117918, 117934, 117920, 117930, 117948, 117925, 117911, 117907, 117921, 117950, 117935, 117905, 117910, 117949","117924, 117904, 117945","117951, 117933, 117932, 117940, 117918, 117911, 117949"
63748,"135048, 135038, 135076, 135034, 135052, 135071, 135058, 135063, 135044, 135042, 135073, 135055, 135033, 135074, 135061, 135043, 135062, 135067, 135053, 135068, 135027, 135075","135060, 135028, 135036, 135030, 135057, 135035, 135029, 135032, 135056, 135069, 135065, 135040, 135072, 135031, 135047, 135059, 135054, 135064, 135070, 135037, 135039","135050, 135058, 135073, 135068","135028, 135030, 135045, 135066, 135065, 135072, 135049, 135041"
64441,"149502, 149509, 149476, 149499, 149490, 149488, 149468, 149510, 149479, 149485, 149484, 149504, 149507, 149493, 149489, 149470, 149487, 149486, 149478, 149482, 149511","149480, 149494, 149465, 149475, 149472, 149505, 149508, 149495, 149474, 149463, 149466, 149469, 149498, 149462, 149483, 149467, 149464, 149491, 149471, 149496, 149500, 149477, 149503, 149501, 149497","149506, 149488, 149507, 149489, 149473","149475, 149492, 149491, 149496"
63930,"138190, 138192, 138223, 138227, 138193, 138234, 138228, 138217, 138215, 138203, 138220, 138211, 138225, 138222, 138219, 138218, 138197, 138208","138201, 138230, 138205, 138224, 138207, 138191, 138216, 138212, 138209, 138198, 138187, 138195, 138199, 138186, 138235, 138188, 138194, 138204, 138229, 138226, 138202, 138221, 138232, 138206, 138196, 138214, 138200, 138233, 138189","138215, 138211","138205, 138213, 138187, 138188, 138210, 138231"
59637,"87028, 87051, 87020, 87042, 87022, 87025, 87049, 87017, 87054, 87032, 87058, 87053, 87018, 87052","87019, 87030, 87027, 87033, 87038, 87060, 87015, 87035, 87012, 87039, 87024, 87014, 87040, 87021, 87048, 87044, 87036, 87029, 87059, 87031, 87045, 87011, 87041, 87056, 87016, 87034, 87013, 87046, 87050, 87026, 87037, 87057, 87043, 87047",87028,"87027, 87014, 87040, 87023, 87029, 87055"
64295,"146712, 146702, 146711, 146719, 146680, 146714, 146683, 146701, 146718, 146699, 146670, 146687, 146708, 146677, 146689","146686, 146700, 146704, 146705, 146709, 146692, 146713, 146691, 146682, 146695, 146684, 146676, 146679, 146672, 146681, 146671, 146674, 146688, 146716, 146675, 146706, 146678, 146697, 146710, 146698","146711, 146680, 146715, 146703","146686, 146690, 146693, 146692, 146679, 146671, 146694, 146673, 146707"
